<?xml version="1.0" encoding="UTF-8"?>
<project-private xmlns="http://www.netbeans.org/ns/project-private/1">
    <editor-bookmarks xmlns="http://www.netbeans.org/ns/editor-bookmarks/2" lastBookmarkId="0"/>
    <open-files xmlns="http://www.netbeans.org/ns/projectui-open-files/2">
        <group>
            <file>file:/F:/PFiles/wamp64/www/facefly/resources/views/template/index.blade.php</file>
            <file>file:/F:/PFiles/wamp64/www/facefly/app/Http/Models/fClass.php</file>
            <file>file:/F:/PFiles/wamp64/www/facefly/app/Http/Models/Booking.php</file>
            <file>file:/F:/PFiles/wamp64/www/facefly/app/Http/Controllers/FlightController.php</file>
            <file>file:/F:/PFiles/wamp64/www/facefly/routes/web.php</file>
            <file>file:/F:/PFiles/wamp64/www/facefly/app/Http/Models/Flight.php</file>
            <file>file:/F:/PFiles/wamp64/www/facefly/resources/views/template/flight-book.blade.php</file>
            <file>file:/F:/PFiles/wamp64/www/facefly/resources/views/template/flight-list.blade.php</file>
        </group>
    </open-files>
</project-private>
